BUSINESS DATE,CLOSE PRICE,HIGH PRICE,LOW PRICE,TOTAL TRADED QUANTITY,TOTAL TRADED VALUE,TOTAL TRADES
2026-06-02,620.0,638.0,600.0,7933,4788280.2,71
2026-06-01,625.0,642.0,615.1,674,422493.4,18
2026-05-27,634.6,660.0,625.0,1697,1070801.9,32
2026-05-26,629.9,630.9,621.0,1650,1033042.9,24
2026-05-25,625.0,640.0,617.2,618,387385.0,23
2026-05-22,625.0,634.0,615.0,2153,1337817.0,33
2026-05-21,633.5,633.5,617.0,1201,748440.0,30
2026-05-20,630.0,644.0,604.0,3048,1903665.7,38
2026-05-19,613.0,618.0,600.1,1733,1050057.7,32
2026-05-18,615.0,615.0,600.0,3053,1844322.5,41
2026-05-15,617.8,629.3,601.1,2213,1342563.6,40
2026-05-14,632.9,640.0,607.1,4399,2686086.5,52
2026-05-13,628.8,630.0,618.5,2274,1411062.8,30
2026-05-12,640.0,644.0,615.0,2803,1751634.6,45
2026-05-11,645.0,648.5,621.0,3511,2225324.1,53
2026-05-08,640.0,649.0,620.0,2836,1780772.5,38
2026-05-07,639.0,660.0,613.2,1430,897178.9,32
2026-05-06,647.0,669.0,630.5,1187,762293.4,41
2026-05-05,650.0,692.0,598.5,1119,706375.3,40
2026-05-04,630.0,635.0,625.0,1812,1138308.0,22
2026-04-30,645.0,660.0,616.0,1999,1255843.9,34
2026-04-29,649.0,649.0,630.0,1835,1165314.0,42
2026-04-28,650.0,655.0,630.5,1571,1007645.6,43
2026-04-27,656.0,676.5,651.0,2649,1734486.5,40
2026-04-24,660.0,673.9,640.0,2208,1428458.6,51
2026-04-23,668.0,675.0,654.8,6295,4146907.5,54
2026-04-22,675.0,685.0,651.0,5865,3942942.0,62
2026-04-21,680.0,690.0,669.3,2414,1637810.4,33
2026-04-20,690.0,722.4,630.9,2018,1385906.0,45
2026-04-17,688.0,694.7,681.1,1413,967289.0,26
2026-04-16,695.0,707.9,682.0,2122,1455392.2,28
2026-04-15,699.0,706.0,690.0,2001,1388830.9,45
2026-04-13,698.0,711.0,690.0,997,693803.8,26
2026-04-10,700.0,717.0,684.9,4809,3328522.5,65
2026-04-09,713.0,750.0,682.0,4055,2861728.0,58
2026-04-08,694.9,704.0,668.0,1914,1319316.4,31
2026-04-07,681.0,710.0,680.1,1521,1055612.0,19
2026-04-06,689.5,693.8,660.2,5162,3519967.5,67
2026-04-05,657.0,697.0,657.0,4703,3161983.0,72
2026-04-02,697.0,713.0,690.0,4017,2784907.9,48
2026-04-01,703.9,722.0,693.9,5618,3925590.4,59
2026-03-31,719.0,723.0,696.0,3271,2296346.4,70
2026-03-30,712.0,771.0,696.1,5983,4223632.0,92
2026-03-29,714.0,742.5,708.0,13046,9306277.3,116
2026-03-26,737.0,739.9,715.1,5737,4207246.4,63
2026-03-25,728.9,730.0,710.5,5628,4036096.6,85
2026-03-24,725.0,734.9,723.0,8042,5830463.8,66
2026-03-23,734.8,743.9,726.0,7393,5387728.0,79
2026-03-22,732.0,740.0,717.4,10127,7366907.3,108
2026-03-19,732.0,738.6,710.0,10201,7392130.1,112
2026-03-17,725.0,744.4,708.0,10688,7664318.1,115
2026-03-16,729.9,754.7,720.0,7360,5359724.1,106
2026-03-15,742.3,759.9,725.0,8889,6532027.0,92
2026-03-12,753.9,765.0,736.0,5271,3943799.5,74
2026-03-11,759.8,783.3,740.0,5677,4320014.0,75
2026-03-10,768.9,804.0,735.0,13868,1.04964612E7,152
2026-03-09,789.0,789.0,744.3,220,167457.0,14
2026-03-03,729.8,744.9,706.1,4161,2986186.1,77
2026-03-01,703.0,720.0,701.0,5632,3985412.1,59
2026-02-26,714.0,735.0,710.1,2540,1827391.0,62
2026-02-25,708.8,723.8,700.0,3579,2518805.2,47
2026-02-24,710.3,721.0,707.0,1493,1063738.0,26
2026-02-23,710.0,722.7,699.1,11294,8020787.2,65
2026-02-22,723.0,739.0,708.2,5213,3738569.5,57
2026-02-17,743.9,816.0,726.0,7131,5277801.4,109
2026-02-16,800.0,804.0,721.0,14701,1.09006595E7,164
2026-02-12,739.5,750.0,725.0,8767,6458376.7,92
2026-02-11,747.0,768.0,715.2,5814,4278009.7,85
2026-02-10,753.0,760.0,735.0,4257,3192059.8,55
2026-02-09,759.9,779.9,746.0,10732,8062873.1,66
2026-02-08,769.9,780.0,763.0,11482,8852184.0,117
2026-02-05,755.0,781.4,740.0,8913,6772848.8,114
2026-02-04,766.9,779.0,745.0,5208,3940418.9,67
2026-02-03,770.0,805.6,761.0,11370,8752557.0,107
2026-02-02,789.9,824.0,775.1,9249,7274078.0,112
2026-02-01,797.0,820.9,777.7,11692,9208218.8,128
2026-01-29,804.9,824.6,780.0,23939,1.9143823E7,176
2026-01-28,825.0,850.0,795.0,26000,2.13115723E7,160
2026-01-27,847.0,856.8,823.2,29354,2.46490015E7,246
2026-01-26,840.0,865.0,810.0,30052,2.48630999E7,237
2026-01-25,820.0,840.0,808.0,13821,1.12955143E7,150
2026-01-22,825.0,830.0,783.0,9432,7713611.5,135
2026-01-21,822.4,865.0,821.0,17163,1.42618925E7,162
2026-01-20,849.0,874.6,804.4,35932,3.06104348E7,321
2026-01-18,820.8,825.0,801.0,10160,8280620.8,144
2026-01-14,817.0,824.9,801.6,13667,1.11080193E7,129
2026-01-13,816.0,828.0,795.0,15846,1.28966519E7,136
2026-01-12,811.2,832.0,811.2,6781,5536261.3,89
2026-01-08,829.0,833.0,811.0,13864,1.13548864E7,95
2026-01-07,834.0,854.9,822.0,4916,4075287.5,84
2026-01-06,840.0,852.0,805.0,11682,9759174.0,155
2026-01-05,838.0,840.0,816.0,11807,9797518.9,135
2026-01-04,848.0,874.0,814.4,14071,1.17029248E7,127
2026-01-01,847.9,858.0,835.0,20188,1.70400472E7,91
2025-12-31,849.0,859.0,840.1,13658,1.15498206E7,107
2025-12-29,860.0,881.0,842.0,10061,8599548.7,138
2025-12-28,882.0,882.0,800.0,32126,2.73949009E7,357
2025-12-24,828.0,851.0,825.1,8030,6723279.0,74
2025-12-23,846.0,856.0,814.0,24721,2.05753513E7,102
2025-12-22,840.0,856.0,808.5,19908,1.66005687E7,155
2025-12-21,825.0,890.0,825.0,13694,1.15361455E7,141
2025-12-18,891.4,933.0,850.0,34716,3.04617076E7,295
2025-12-17,909.8,921.2,868.0,28422,2.52173641E7,310
2025-12-16,940.0,945.0,856.8,43516,3.9097647E7,332
2025-12-15,892.0,892.0,845.5,59828,5.1997269E7,450
2025-12-14,869.0,869.0,813.4,52155,4.41842478E7,476
2025-12-11,830.0,840.0,811.1,30405,2.50248484E7,297
2025-12-10,850.0,861.0,815.4,42970,3.60221363E7,345
2025-12-09,830.0,837.5,790.0,43587,3.57576033E7,437
2025-12-08,774.6,774.6,690.2,49432,3.77501135E7,433
2025-12-07,704.2,724.2,701.0,3897,2787183.3,58
2025-12-03,722.0,725.0,684.1,7540,5366321.7,83
2025-12-02,698.0,704.0,682.2,4037,2806551.0,55
2025-12-01,691.0,697.5,680.0,2176,1491988.0,44
2025-11-30,676.0,704.3,676.0,5553,3831255.6,76
2025-11-27,689.0,692.0,681.5,3864,2654493.4,53
2025-11-26,688.0,691.0,678.0,1725,1178228.0,37
2025-11-25,691.0,691.0,674.0,2684,1832181.0,42
2025-11-24,693.1,732.0,684.0,3457,2402889.4,48
2025-11-23,692.0,698.0,685.0,1956,1351933.0,36
2025-11-20,685.0,690.0,675.0,3043,2066692.5,45
2025-11-19,688.0,690.0,681.0,1250,854746.5,25
2025-11-18,693.0,703.0,683.5,1718,1187804.3,34
2025-11-17,695.0,700.0,678.1,3335,2286966.7,56
2025-11-16,698.0,715.0,691.0,250,175499.0,12
2025-11-13,702.9,720.0,696.2,2864,2042629.0,33
2025-11-12,700.0,715.0,700.0,1620,1137609.0,17
2025-11-11,712.0,723.0,697.1,1860,1320182.0,32
2025-11-10,710.0,712.0,709.0,1840,1305652.1,21
2025-11-09,722.0,722.0,704.1,2580,1838798.0,44
2025-11-06,715.0,731.0,710.0,760,544672.0,17
2025-11-05,732.0,732.0,703.1,1624,1164041.0,36
2025-11-04,719.0,723.0,710.0,1159,829015.5,28
2025-11-03,715.0,724.8,703.7,1685,1197606.4,27
2025-11-02,718.9,723.0,707.1,3852,2752491.3,56
2025-10-30,709.0,719.0,703.2,4315,3065208.0,42
2025-10-29,716.9,729.9,691.9,2474,1766897.5,54
2025-10-28,706.0,720.0,695.0,1237,880795.6,42
2025-10-26,710.0,717.9,676.5,1720,1182383.0,22
2025-10-19,704.0,704.0,660.1,2754,1883062.1,32
2025-10-16,673.5,699.9,655.0,2671,1807550.4,41
2025-10-15,708.0,711.8,695.1,2382,1667716.8,26
2025-10-14,700.0,714.5,700.0,910,639142.0,20
2025-10-13,729.0,729.0,704.0,1210,867177.0,46
2025-10-12,712.0,731.3,685.1,5429,3786929.0,81
2025-10-09,717.0,738.3,717.0,2922,2120886.5,32
2025-10-08,724.0,728.0,704.0,3444,2457126.1,65
2025-10-07,714.0,759.9,708.1,2576,1862009.0,45
2025-09-28,745.0,750.0,737.0,1882,1393352.5,27
2025-09-25,741.2,765.0,736.0,3640,2704803.9,44
2025-09-24,741.0,784.0,738.8,3362,2534956.0,53
2025-09-23,769.0,770.0,736.0,4215,3210097.5,94
2025-09-21,734.73,750.7,696.0,7181,5230824.5,122
2025-09-18,725.11,725.11,725.11,0,0.0,0
2025-09-08,725.11,742.0,718.0,4440,3230116.7,56
2025-09-07,724.67,764.0,717.4,6368,4649708.7,100
2025-09-04,733.94,755.0,727.5,4500,3318856.5,72
2025-09-03,752.42,778.0,750.1,11220,8599756.7,190
2025-09-02,753.2,753.2,753.2,0,0.0,0
2025-09-01,753.2,753.2,753.2,10,7532.0,1
2025-08-31,738.49,769.5,726.1,5776,4263476.9,93
2025-08-28,739.74,777.0,735.0,7186,5359051.4,79
2025-08-27,767.44,777.2,755.5,8571,6611866.9,122
2025-08-26,752.6,772.9,740.0,3795,2864295.8,75
2025-08-25,746.98,757.0,718.0,9091,6754749.9,115
2025-08-24,728.68,734.0,712.0,7389,5321651.5,131
2025-08-21,711.98,734.9,710.0,9939,7151139.0,117
2025-08-20,731.84,776.9,730.0,11949,8830379.7,147
2025-08-19,767.12,793.0,762.0,14940,1.15926494E7,176
2025-08-18,778.83,800.0,740.0,30619,2.38895633E7,394
2025-08-17,735.15,747.0,705.4,29089,2.14054998E7,391
2025-08-14,691.65,703.0,676.9,9336,6457234.5,137
2025-08-13,663.63,680.0,647.0,2517,1665733.6,53
2025-08-12,666.37,697.0,652.0,4445,2950390.5,79
2025-08-11,683.38,710.0,681.9,3427,2370529.0,56
2025-08-07,692.34,703.0,692.0,3376,2349121.5,86
2025-08-06,699.51,704.0,680.0,2515,1738390.1,58
2025-08-05,691.19,716.9,665.3,8059,5582168.2,182
2025-08-04,675.71,679.7,660.0,2560,1707558.0,77
2025-08-03,666.4,680.0,662.0,3385,2275062.0,65
2025-07-31,693.11,704.9,690.6,3778,2626941.5,67
2025-07-30,703.43,717.8,696.0,7522,5291551.6,89
2025-07-29,721.0,725.2,686.5,4129,2934238.9,102
2025-07-28,699.29,710.0,675.0,6337,4337318.0,96
2025-07-27,702.6,721.1,701.6,5067,3586180.5,86
2025-07-24,721.31,763.0,702.1,6606,4780232.5,84
2025-07-23,733.18,744.0,709.0,6213,4497882.1,115
2025-07-22,731.23,766.7,683.0,6303,4598370.5,158
2025-07-21,707.88,724.0,685.5,9570,6739736.1,192
2025-07-20,699.07,722.0,671.0,6554,4557682.5,173
2025-07-17,683.91,686.1,645.2,13671,9188220.9,210
2025-07-16,644.35,661.0,612.09,3704,2360010.1,63
2025-07-15,619.0,630.0,595.0,1172,723158.0,39
2025-07-14,607.11,629.4,607.0,2745,1677264.6,32
2025-07-13,621.42,635.0,618.4,2552,1589176.0,60
2025-07-10,618.78,627.0,612.0,1103,685350.0,33
2025-07-09,617.8,619.9,597.1,2058,1266330.8,44
2025-07-08,608.52,619.8,601.3,1171,712993.1,31
2025-07-07,608.33,620.0,607.0,2183,1329018.0,26
2025-07-06,617.07,632.3,615.3,942,584931.8,35
2025-07-03,622.28,629.3,610.0,1985,1220897.0,52
2025-07-02,617.03,631.9,610.0,3598,2231136.7,56
2025-07-01,612.0,622.9,600.0,1061,645279.0,28
2025-06-30,611.5,623.9,599.3,760,462219.0,34
2025-06-29,598.99,611.9,591.1,2200,1314271.0,37
2025-06-26,602.0,611.7,600.0,1497,903019.5,30
2025-06-25,599.9,609.0,590.1,374,224106.8,18
2025-06-24,596.77,610.0,590.0,460,276296.0,22
2025-06-23,591.17,622.7,588.0,1930,1147056.5,44
2025-06-22,599.33,615.0,599.0,2252,1357225.0,44
2025-06-19,614.88,640.0,605.0,2271,1394040.0,47
2025-06-18,608.28,613.5,606.5,630,383911.0,25
2025-06-17,612.24,622.0,610.0,1405,862110.0,31
2025-06-16,618.36,635.0,606.0,1144,710899.0,38
2025-06-15,617.8,649.9,614.5,1020,633063.0,37
